# GREAT version 4.0.4	Species assembly: hg38	Association rule: Basal+extension: 5000 bp upstream, 1000 bp downstream, 1000000 bp max extension, curated regulatory domains included
ABCB9	unnamed (-104251), unnamed (-101451), unnamed (-99851), unnamed (-97601), unnamed (-95476), unnamed (-93426), unnamed (-80251), unnamed (-76776)
ABCC2	unnamed (+197393), unnamed (+198543), unnamed (+199243), unnamed (+203068), unnamed (+207018), unnamed (+209068), unnamed (+213293), unnamed (+216493), unnamed (+217668), unnamed (+219093), unnamed (+220768), unnamed (+222968), unnamed (+224693)
ABHD17B	unnamed (+116606), unnamed (+117081)
ABR	unnamed (-40776), unnamed (-36776), unnamed (-33826), unnamed (-22101), unnamed (-20676)
ACSF3	unnamed (-34059), unnamed (-31059), unnamed (-27462), unnamed (-26587)
ADAMTS6	unnamed (+410245), unnamed (+414945), unnamed (+416270), unnamed (+418020), unnamed (+421045), unnamed (+422220), unnamed (+433795), unnamed (+436545), unnamed (+438745), unnamed (+439870), unnamed (+444370)
ADGRG6	unnamed (+562233), unnamed (+562533), unnamed (+578296), unnamed (+606046)
ADTRP	unnamed (+45742), unnamed (+45846), unnamed (+51232), unnamed (+58228), unnamed (+60228), unnamed (+63203), unnamed (+65753), unnamed (+68027), unnamed (+68652), unnamed (+69264), unnamed (+69878)
AGPAT5	unnamed (-7982), unnamed (-7007), unnamed (-6357), unnamed (-3832), unnamed (-1682), unnamed (+8268), unnamed (+9868), unnamed (+11668), unnamed (+19043), unnamed (+55518), unnamed (+63193), unnamed (+65743), unnamed (+67693), unnamed (+69043), unnamed (+71169), unnamed (+71569)
AHDC1	unnamed (-26543), unnamed (-25168), unnamed (-23793), unnamed (+73466), unnamed (+74241), unnamed (+79782), unnamed (+80582), unnamed (+82032)
AHNAK	unnamed (+8510)
AKNA	unnamed (-52778), unnamed (-52712)
ANGPT2	unnamed (-138591), unnamed (-137941), unnamed (-136966)
ANKRD11	unnamed (+3911), unnamed (+5011), unnamed (+5736), unnamed (+7661), unnamed (+9636), unnamed (+11886), unnamed (+14571), unnamed (+14971), unnamed (+15360), unnamed (+15478)
ANKRD44	unnamed (+194116)
ANKRD46	unnamed (+108367), unnamed (+128167)
AP1S3	unnamed (-104018), unnamed (-91918), unnamed (-71043), unnamed (-44918), unnamed (+40157), unnamed (+40282)
APBB2	unnamed (+364688), unnamed (+372882), unnamed (+375157)
APOBEC3G	unnamed (-1030)
ARF6	unnamed (+53115), unnamed (+146383), unnamed (+170658), unnamed (+198683)
ARHGAP17	unnamed (+23056)
ARHGAP25	unnamed (+18990)
ARHGEF3	unnamed (+288033), unnamed (+297383), unnamed (+317058), unnamed (+321433)
ARID1B	unnamed (-388233), unnamed (-387624), unnamed (-385274), unnamed (-382624), unnamed (-379152)
ARL4C	unnamed (+71500), unnamed (+72900)
ARSB	unnamed (+267035)
ATOH8	unnamed (+74306), unnamed (+104656), unnamed (+130106), unnamed (+131831)
ATP6V1G1	unnamed (+16729)
ATXN1	unnamed (+29181), unnamed (+49631), unnamed (+55606), unnamed (+56331), unnamed (+60906), unnamed (+63481), unnamed (+65856), unnamed (+69531), unnamed (+70681), unnamed (+76906), unnamed (+77466), unnamed (+77741), unnamed (+272356), unnamed (+274881), unnamed (+277081), unnamed (+278181), unnamed (+323706), unnamed (+325331), unnamed (+334981), unnamed (+337031), unnamed (+338081), unnamed (+345806), unnamed (+351256)
AZIN1	unnamed (+81887), unnamed (+96587)
BAG3	unnamed (+40455), unnamed (+42205), unnamed (+58880), unnamed (+62680), unnamed (+64480)
BCL11A	unnamed (+160748), unnamed (+162148), unnamed (+234248), unnamed (+237273)
BCL2	unnamed (+9840), unnamed (+10132), unnamed (+10370), unnamed (+14228), unnamed (+17903), unnamed (+21328), unnamed (+30303), unnamed (+59428), unnamed (+60603), unnamed (+83228), unnamed (+86653), unnamed (+97078), unnamed (+98228), unnamed (+101578), unnamed (+102378), unnamed (+105853), unnamed (+108578), unnamed (+110728), unnamed (+115678), unnamed (+120703), unnamed (+124978), unnamed (+125403), unnamed (+138528), unnamed (+141653), unnamed (+142328), unnamed (+144603), unnamed (+151728), unnamed (+165328), unnamed (+166253), unnamed (+167203), unnamed (+169828), unnamed (+170928), unnamed (+172978), unnamed (+174553), unnamed (+179078), unnamed (+188603)
BCL2L14	unnamed (-347010), unnamed (-346735), unnamed (-343389), unnamed (-337664), unnamed (-321789), unnamed (-318789), unnamed (-314339), unnamed (-313239), unnamed (-310789), unnamed (-309339), unnamed (-306564), unnamed (-303614), unnamed (-300739), unnamed (-296389), unnamed (-249389), unnamed (-246764), unnamed (-244639)
BDH1	unnamed (-120313), unnamed (-116813), unnamed (-109113)
BEAN1	unnamed (+94028), unnamed (+98553), unnamed (+99189), unnamed (+99598), unnamed (+100012)
BHLHA9	unnamed (-70009), unnamed (-68584), unnamed (-56859), unnamed (-53909), unnamed (-49909)
BHLHE40	unnamed (-2316)
BICD1	unnamed (-230679)
BLK	unnamed (-7876)
BLOC1S5-TXNDC5	unnamed (+126439)
BMF	unnamed (+6374), unnamed (+47199), unnamed (+52599), unnamed (+55274)
BMP10	unnamed (+117692)
BOD1	unnamed (-134840), unnamed (-121340), unnamed (-116759), unnamed (-116384)
BTLA	unnamed (+5486), unnamed (+10961), unnamed (+11911), unnamed (+15786)
C12orf65	unnamed (-116441), unnamed (-113716), unnamed (-110416), unnamed (-105916), unnamed (-102241), unnamed (-99616), unnamed (-98216), unnamed (-91591), unnamed (-88516), unnamed (-83441)
C1orf186	unnamed (-21173), unnamed (-14223)
C2orf40	unnamed (-228881)
CABLES1	unnamed (+88662), unnamed (+91612), unnamed (+97612), unnamed (+99937), unnamed (+101637), unnamed (+103112), unnamed (+104512)
CACNA1B	unnamed (-173739)
CACNG3	unnamed (-398128), unnamed (-378003), unnamed (-376528), unnamed (-306953), unnamed (-304628), unnamed (-303303), unnamed (-291628), unnamed (-287228), unnamed (-285501), unnamed (-285201), unnamed (-284553), unnamed (-187791)
CAPN7	unnamed (+107332), unnamed (+110132), unnamed (+112457), unnamed (+115757), unnamed (+116882)
CARMIL1	unnamed (-326328)
CARS2	unnamed (+41907)
CBFA2T3	unnamed (-90018), unnamed (-89143), unnamed (-85546), unnamed (-82546)
CCBE1	unnamed (-187720), unnamed (-185895), unnamed (-183895), unnamed (-179470), unnamed (-178320), unnamed (-175920), unnamed (-151295), unnamed (-149845)
CCDC182	unnamed (+191787), unnamed (+202187), unnamed (+212412), unnamed (+217337), unnamed (+246862), unnamed (+252012), unnamed (+255962), unnamed (+257662), unnamed (+260862), unnamed (+273487), unnamed (+274848), unnamed (+275448), unnamed (+277087), unnamed (+280112), unnamed (+283137), unnamed (+284487), unnamed (+286037), unnamed (+289362), unnamed (+290187), unnamed (+290987), unnamed (+300712), unnamed (+303337), unnamed (+305133), unnamed (+305577), unnamed (+305789)
CCDC68	unnamed (-546117), unnamed (-493067), unnamed (-480117), unnamed (-478692), unnamed (-339592), unnamed (-324817), unnamed (-283017), unnamed (-176892), unnamed (-163217), unnamed (-147317), unnamed (-145392), unnamed (-143042), unnamed (-140892), unnamed (-137817), unnamed (-134292), unnamed (-132442), unnamed (-127317), unnamed (-120642), unnamed (-119792), unnamed (-108567), unnamed (-106667)
CCND2	unnamed (+13028), unnamed (+20268)
CCNYL1	unnamed (-46811), unnamed (-43761)
CCR7	unnamed (-47928), unnamed (-45528), unnamed (-42778), unnamed (-40078), unnamed (-39403), unnamed (-37553), unnamed (-34953), unnamed (-17453), unnamed (-16528), unnamed (+12947), unnamed (+16847), unnamed (+19722), unnamed (+21997), unnamed (+23372), unnamed (+25897), unnamed (+29897), unnamed (+32572), unnamed (+33797), unnamed (+34738), unnamed (+35061), unnamed (+35194), unnamed (+35420)
CD200	unnamed (+150619), unnamed (+154494), unnamed (+155444), unnamed (+160919)
CD5	unnamed (-127970), unnamed (-120020), unnamed (-119595), unnamed (-115470), unnamed (-36370), unnamed (-22520), unnamed (-19695), unnamed (-12070), unnamed (-8245)
CD58	unnamed (-77031), unnamed (-75506), unnamed (-72911), unnamed (-66361), unnamed (-57461), unnamed (-54317), unnamed (-53488)
CD6	unnamed (+2745), unnamed (+10695), unnamed (+11120), unnamed (+15245), unnamed (+94345), unnamed (+108195), unnamed (+111020), unnamed (+118645), unnamed (+122470)
CD84	unnamed (+21279)
CDC37	unnamed (-6717)
CDC42EP3	unnamed (+34741), unnamed (+53891), unnamed (+56591)
CDK5R2	unnamed (-64055)
CDNF	unnamed (+267472)
CEACAM21	unnamed (-12349)
CELF2	unnamed (+144795)
CELSR1	unnamed (+102512), unnamed (+102576), unnamed (+102628), unnamed (+102688), unnamed (+107095), unnamed (+110495), unnamed (+112495), unnamed (+114295), unnamed (+116320), unnamed (+119370), unnamed (+121950), unnamed (+122425), unnamed (+122744), unnamed (+123014), unnamed (+123244)
CEP68	unnamed (-1972)
CHD7	unnamed (+198647)
CHGB	unnamed (-255380), unnamed (-254005), unnamed (-251280)
CHRNA9	unnamed (-51779), unnamed (-50304), unnamed (-47679)
CHST11	unnamed (+25252), unnamed (+36802)
CHST15	unnamed (+18407)
CLDN23	unnamed (-303084), unnamed (-302863)
CLEC16A	unnamed (+131333), unnamed (+131408), unnamed (+141062), unnamed (+142262), unnamed (+143262), unnamed (+144762)
CLEC4G	unnamed (+24010), unnamed (+24099)
CLLU1	unnamed (+14891), unnamed (+18541)
CLNK	unnamed (-54726), unnamed (-54351), unnamed (-50185), unnamed (-46610), unnamed (-45285), unnamed (-43885), unnamed (-40935), unnamed (-37310), unnamed (-32410), unnamed (-10950), unnamed (-10725), unnamed (-8660), unnamed (-5985), unnamed (-2839), unnamed (-2489), unnamed (-1485), unnamed (+1640), unnamed (+3040), unnamed (+10140), unnamed (+10490), unnamed (+11115), unnamed (+16240), unnamed (+17165), unnamed (+18440), unnamed (+20165), unnamed (+26290), unnamed (+56065), unnamed (+57565), unnamed (+59715), unnamed (+65640), unnamed (+71315), unnamed (+76015), unnamed (+83015), unnamed (+83615), unnamed (+86115), unnamed (+97065)
CLVS1	unnamed (-410530)
CNR2	unnamed (-10929), unnamed (-10729), unnamed (-6413)
COL9A3	unnamed (+14788), unnamed (+18438), unnamed (+22588), unnamed (+22973), unnamed (+23276), unnamed (+23566)
CPEB4	unnamed (-155236), unnamed (-154861), unnamed (-150280), unnamed (-136780)
CPN1	unnamed (+61727), unnamed (+66077)
CPPED1	unnamed (+485167), unnamed (+489117)
CPXM2	unnamed (-183386)
CREB3L2	unnamed (+3364), unnamed (+9932), unnamed (+22818), unnamed (+23509), unnamed (+23555), unnamed (+23664), unnamed (+34482), unnamed (+39482), unnamed (+46682), unnamed (+49307), unnamed (+54282), unnamed (+68582)
CRIP1	unnamed (-6142)
CRIP2	unnamed (+7213)
CRTAM	unnamed (-172125), unnamed (-163075), unnamed (-148160), unnamed (-147885), unnamed (-146000), unnamed (-142525), unnamed (-139550), unnamed (-134075), unnamed (-129175), unnamed (-127100), unnamed (-125525), unnamed (-122875), unnamed (-111725), unnamed (-110316)
CRYGS	unnamed (+11377), unnamed (+16452), unnamed (+18277)
CTCF	unnamed (-30173), unnamed (-30028), unnamed (-29962)
CTCFL	unnamed (+115439), unnamed (+116082), unnamed (+116197), unnamed (+116372)
CTDP1	unnamed (-239901), unnamed (-175401), unnamed (-163801), unnamed (-162326), unnamed (-161151)
CTSE	unnamed (-14591), unnamed (-7641)
CTSH	unnamed (-74125), unnamed (-73963), unnamed (-73097), unnamed (-71134), unnamed (-70459), unnamed (-68359), unnamed (-64484), unnamed (-47831), unnamed (-47081)
CUL3	unnamed (-358704), unnamed (-356302)
CWC27	unnamed (+268620), unnamed (+273120), unnamed (+274245), unnamed (+276445), unnamed (+279195), unnamed (+290770), unnamed (+291945), unnamed (+294970), unnamed (+296720), unnamed (+298045), unnamed (+302745)
CXCR4	unnamed (-130582), unnamed (-11507), unnamed (-9648), unnamed (-8648)
CXXC5	unnamed (-792)
CYLD	unnamed (-42660), unnamed (-39835), unnamed (-34123), unnamed (-33598)
CYTH1	unnamed (+9069), unnamed (+13169), unnamed (+15094), unnamed (+16444), unnamed (+17844), unnamed (+19244), unnamed (+20469), unnamed (+24319), unnamed (+25744), unnamed (+26269), unnamed (+26669), unnamed (+27094), unnamed (+28844), unnamed (+31519), unnamed (+36544)
DAD1	unnamed (+29169), unnamed (+40119), unnamed (+40644), unnamed (+42344), unnamed (+45644), unnamed (+46994), unnamed (+50469), unnamed (+84669), unnamed (+89094), unnamed (+100294), unnamed (+101219), unnamed (+120569), unnamed (+125207), unnamed (+125418), unnamed (+125579), unnamed (+130244)
DCAF17	unnamed (-105076), unnamed (-102501), unnamed (-100101), unnamed (-96951), unnamed (-88023), unnamed (-87798)
DGKG	unnamed (-173088), unnamed (-168013), unnamed (-166188)
DGKI	unnamed (-151830), unnamed (-145262), unnamed (-132376), unnamed (-131685), unnamed (-131639), unnamed (-131530), unnamed (-120712), unnamed (-115712), unnamed (-108512), unnamed (-105887), unnamed (-100912), unnamed (-86612)
DHX40	unnamed (-217792), unnamed (-216517), unnamed (-214075), unnamed (-212800), unnamed (-209850), unnamed (-205075), unnamed (-204400), unnamed (-201325), unnamed (-198550), unnamed (-195275)
DLGAP4	unnamed (+159839)
DMAC2	unnamed (-124361)
DMXL1	unnamed (+228636)
DNAH17	unnamed (-195831), unnamed (-191731), unnamed (-189806), unnamed (-188456), unnamed (-187056), unnamed (-185656), unnamed (-184431), unnamed (-180581), unnamed (-179156), unnamed (-178631), unnamed (-178231), unnamed (-177806), unnamed (-176056), unnamed (-173381), unnamed (-168356)
DNAJA2	unnamed (+51338), unnamed (+52613), unnamed (+60988), unnamed (+65587), unnamed (+67065), unnamed (+67096)
DNMBP	unnamed (-10231), unnamed (-5881), unnamed (+969), unnamed (+2494), unnamed (+4219), unnamed (+6419), unnamed (+8094), unnamed (+9519), unnamed (+10694), unnamed (+13894), unnamed (+18119), unnamed (+20169), unnamed (+24119), unnamed (+27944), unnamed (+28644), unnamed (+29794)
DOCK10	unnamed (+98390), unnamed (+100792)
DOPEY2	unnamed (+125556), unnamed (+125781)
DPEP2	unnamed (-13128), unnamed (-13056), unnamed (-12918), unnamed (-11137), unnamed (-3837)
DPF1	unnamed (+185975), unnamed (+242375)
DRD3	unnamed (-52548), unnamed (-43198), unnamed (-42173), unnamed (-39523), unnamed (-37698)
DUS2	unnamed (-17956), unnamed (-16175), unnamed (-16037), unnamed (-15965)
DUSP5	unnamed (-143903), unnamed (-143661), unnamed (-143469), unnamed (-143444)
DYNC1H1	unnamed (-152388), unnamed (-152213), unnamed (-148878), unnamed (-147128), unnamed (-142878), unnamed (-117803), unnamed (-105778), unnamed (-83978)
E2F2	unnamed (-26430), unnamed (-24780), unnamed (-22703), unnamed (-22428), unnamed (-20030)
EAF1	unnamed (-79755), unnamed (-78430), unnamed (-38205), unnamed (-37030), unnamed (-36405)
EDN3	unnamed (-169777), unnamed (-156094), unnamed (-155985), unnamed (-155568), unnamed (-152777), unnamed (-148752), unnamed (-147527), unnamed (-141127), unnamed (-123227), unnamed (-122502), unnamed (-121580), unnamed (-121153)
EFCAB9	unnamed (+6328)
EFHC1	unnamed (+109254)
EHMT1	unnamed (+85087)
ELOVL5	unnamed (+107879), unnamed (+109404), unnamed (+111754), unnamed (+113479), unnamed (+119029), unnamed (+126804), unnamed (+127379), unnamed (+142829), unnamed (+144204), unnamed (+145179), unnamed (+146529), unnamed (+148129), unnamed (+155804), unnamed (+168479)
EMC8	unnamed (+40815), unnamed (+63315)
EMILIN2	unnamed (+129920)
EMSY	unnamed (+192875), unnamed (+194575)
ENPP6	unnamed (-176764), unnamed (-136364), unnamed (-130889), unnamed (-128439), unnamed (-124039), unnamed (-102539), unnamed (-97064), unnamed (-93639), unnamed (-92889), unnamed (-92139), unnamed (-72439), unnamed (-68839)
ENSG00000188897	unnamed (-57012), unnamed (-50162), unnamed (-49562), unnamed (-45462), unnamed (-39512), unnamed (-36730), unnamed (-36330), unnamed (-34987)
ENSG00000270099	unnamed (-53248)
ENTPD1	unnamed (+51648)
EPAS1	unnamed (-407152), unnamed (-406652)
EPHB6	unnamed (-67911)
EPS15L1	unnamed (+23993), unnamed (+24293), unnamed (+86062), unnamed (+103537), unnamed (+108612), unnamed (+140762)
ESM1	unnamed (+442864), unnamed (+443039), unnamed (+445613), unnamed (+447488), unnamed (+448513), unnamed (+449738), unnamed (+451688), unnamed (+455338), unnamed (+459138), unnamed (+460263), unnamed (+461363), unnamed (+464213)
ETS1	unnamed (+135883), unnamed (+136083)
ETV6	unnamed (+74075), unnamed (+74350), unnamed (+77696), unnamed (+83421), unnamed (+99296), unnamed (+102296), unnamed (+106746), unnamed (+107846), unnamed (+110296), unnamed (+111746), unnamed (+114521), unnamed (+117471), unnamed (+120346), unnamed (+124696), unnamed (+171696), unnamed (+174321), unnamed (+176446)
EVL	unnamed (-2228)
EZR	unnamed (-36238), unnamed (-29363)
FAM167A	unnamed (-19358)
FAM187B	unnamed (+15629)
FAM208A	unnamed (-108258), unnamed (-98908), unnamed (-79233), unnamed (-74858)
FAM46C	unnamed (+64341)
FAM69A	unnamed (-20732), unnamed (-20482), unnamed (-2125), unnamed (+1700), unnamed (+6800)
FBXO15	unnamed (+64315), unnamed (+80615), unnamed (+80990), unnamed (+82140), unnamed (+86715), unnamed (+87815), unnamed (+106940), unnamed (+109048), unnamed (+109573)
FBXO18	unnamed (-34186), unnamed (-31161)
FBXO21	unnamed (+37957), unnamed (+38932), unnamed (+42456), unnamed (+46281), unnamed (+48431), unnamed (+50081), unnamed (+56156), unnamed (+59348), unnamed (+59932), unnamed (+60315), unnamed (+64948), unnamed (+65298)
FCER2	unnamed (-6015), unnamed (-5926), unnamed (-3104), unnamed (-1129), unnamed (+1321), unnamed (+8721), unnamed (+9496)
FCMR	unnamed (-4402), unnamed (+8748)
FGD2	unnamed (+131425), unnamed (+131467), unnamed (+131921), unnamed (+137128)
FGGY	unnamed (-285356), unnamed (-284556)
FGR	unnamed (-2039), unnamed (-1514), unnamed (+5102), unnamed (+6477), unnamed (+7852)
FMOD	unnamed (-118486), unnamed (-113361), unnamed (-109161), unnamed (-107736), unnamed (-103986), unnamed (-99161), unnamed (-95411), unnamed (-89836), unnamed (-88136), unnamed (-77986), unnamed (-75170), unnamed (-73919)
FNDC1	unnamed (-68972), unnamed (-68022)
FOXF1	unnamed (-582777), unnamed (-581827), unnamed (-580177), unnamed (-579402), unnamed (-577202), unnamed (-575427), unnamed (-555802), unnamed (-555602), unnamed (-554827), unnamed (-518177), unnamed (-516077)
FOXP1	unnamed (+166989), unnamed (+181604), unnamed (+181929), unnamed (+188514), unnamed (+197914), unnamed (+221614), unnamed (+431139), unnamed (+438864), unnamed (+440114), unnamed (+448614), unnamed (+457614), unnamed (+460439), unnamed (+461139), unnamed (+462614), unnamed (+468089), unnamed (+470589), unnamed (+472589), unnamed (+477539), unnamed (+480489), unnamed (+484714), unnamed (+486764), unnamed (+489464), unnamed (+490839), unnamed (+492064), unnamed (+498089), unnamed (+501064), unnamed (+502014), unnamed (+505839), unnamed (+508089), unnamed (+514139), unnamed (+526264)
FRMD4A	unnamed (-239716)
FXYD5	unnamed (+58370)
GAB1	unnamed (+2456), unnamed (+4138), unnamed (+7513), unnamed (+10838), unnamed (+11863), unnamed (+14613), unnamed (+24763), unnamed (+25338), unnamed (+27188), unnamed (+28513), unnamed (+36763), unnamed (+38688), unnamed (+45438), unnamed (+47263)
GAB2	unnamed (-12619), unnamed (-9394), unnamed (-8744), unnamed (-3594), unnamed (-2369), unnamed (-1194)
GBGT1	unnamed (+18381), unnamed (+18561), unnamed (+18750), unnamed (+27495), unnamed (+27870)
GCC2	unnamed (+175914), unnamed (+180014)
GCM1	unnamed (-92471), unnamed (-90946), unnamed (-88596), unnamed (-86871), unnamed (-81321), unnamed (-73546), unnamed (-72971), unnamed (-57521), unnamed (-56146), unnamed (-55171), unnamed (-53821), unnamed (-52221), unnamed (-44546), unnamed (-31871)
GDAP2	unnamed (+259355)
GDF7	unnamed (+1436), unnamed (+6436), unnamed (+8361)
GDI2	unnamed (-49676), unnamed (-46651)
GFOD1	unnamed (+16430), unnamed (+25505), unnamed (+26330), unnamed (+29630), unnamed (+52430), unnamed (+54755), unnamed (+56980), unnamed (+58005), unnamed (+60630), unnamed (+61592), unnamed (+61817)
GINS2	unnamed (-69726), unnamed (-47226)
GJD3	unnamed (+14790), unnamed (+15840)
GLI1	unnamed (+21112)
GMEB2	unnamed (-18949), unnamed (-14699), unnamed (-11425), unnamed (-11264), unnamed (-11213)
GMPR	unnamed (+171620), unnamed (+177070), unnamed (+184795), unnamed (+185845), unnamed (+187895), unnamed (+197545), unnamed (+199170), unnamed (+244695), unnamed (+245795), unnamed (+247995), unnamed (+250520), unnamed (+445135), unnamed (+445410), unnamed (+445970), unnamed (+452195), unnamed (+453345), unnamed (+457020), unnamed (+459395), unnamed (+461970), unnamed (+466545), unnamed (+467270), unnamed (+473245), unnamed (+493695)
GNG10	unnamed (+230167), unnamed (+230238)
GORASP2	unnamed (+208224), unnamed (+225399)
GPCPD1	unnamed (-49124), unnamed (-46399), unnamed (-45024)
GPT2	unnamed (+22314), unnamed (+22345), unnamed (+23823), unnamed (+28422), unnamed (+36797), unnamed (+38072)
GRB2	unnamed (+90336)
GRHPR	unnamed (-8753), unnamed (-7278)
GRIK3	unnamed (-257975), unnamed (-253500)
GTDC1	unnamed (-277985)
GTSF1L	unnamed (-23077), unnamed (-18677), unnamed (-5052), unnamed (+3498), unnamed (+5723), unnamed (+6873), unnamed (+11973)
H3F3C	unnamed (-84309)
HAAO	unnamed (-383808)
HADH	unnamed (+47686), unnamed (+49361), unnamed (+53986), unnamed (+56336), unnamed (+61136), unnamed (+66511), unnamed (+68036), unnamed (+69961), unnamed (+72461), unnamed (+74961), unnamed (+77936), unnamed (+83111), unnamed (+86861), unnamed (+98311), unnamed (+103636), unnamed (+104786), unnamed (+108561), unnamed (+118511), unnamed (+119361), unnamed (+124511), unnamed (+128886), unnamed (+130186)
HDAC7	unnamed (-11465)
HERPUD1	unnamed (-13223), unnamed (-12748)
HIVEP2	unnamed (+38390), unnamed (+66140), unnamed (+81903), unnamed (+82203)
HMOX1	unnamed (-49710), unnamed (-47560), unnamed (-47210), unnamed (-46860), unnamed (-46210), unnamed (-45385), unnamed (-38385), unnamed (-37285), unnamed (-36147), unnamed (-35397), unnamed (-33360), unnamed (+12240), unnamed (+12995), unnamed (+13720)
HS3ST1	unnamed (+690174), unnamed (+690549), unnamed (+694715), unnamed (+698290), unnamed (+699615), unnamed (+701015), unnamed (+703965), unnamed (+707590), unnamed (+712490), unnamed (+733950), unnamed (+734175), unnamed (+736240), unnamed (+738915)
HSD17B4	unnamed (-87520), unnamed (-31992), unnamed (-31642)
ID3	unnamed (-61553), unnamed (-61247), unnamed (-58856), unnamed (-51406), unnamed (-48981), unnamed (-46656), unnamed (-43546), unnamed (-43346), unnamed (-42381), unnamed (-41056), unnamed (-39681), unnamed (-39406), unnamed (-31156), unnamed (-28645), unnamed (-27595), unnamed (-23181), unnamed (-21306), unnamed (-9456), unnamed (-7156), unnamed (-3556), unnamed (+2144), unnamed (+3794), unnamed (+5871), unnamed (+6146), unnamed (+8544)
IFNLR1	unnamed (+2586), unnamed (+9536)
IGSF3	unnamed (+19685), unnamed (+21210), unnamed (+23805), unnamed (+30355), unnamed (+39255), unnamed (+42399), unnamed (+43228)
IL15RA	unnamed (-59264)
IL19	unnamed (-4495), unnamed (+4453), unnamed (+5053)
IL20	unnamed (-62031), unnamed (-61431)
IL21R	unnamed (-38037), unnamed (-32112), unnamed (-29237)
IL22RA1	unnamed (-41554), unnamed (-34604)
IL24	unnamed (+15807)
IL2RA	unnamed (-12675), unnamed (-11450), unnamed (-5750), unnamed (-4975), unnamed (+850), unnamed (+25450)
IL4R	unnamed (+50212), unnamed (+56137), unnamed (+59012)
IL6ST	unnamed (-708932), unnamed (-706007), unnamed (-704682), unnamed (-703732), unnamed (-702232), unnamed (-698457), unnamed (-695232), unnamed (-694357), unnamed (-689382), unnamed (-686607), unnamed (-643809), unnamed (-598604), unnamed (-598554), unnamed (-598132), unnamed (-596457), unnamed (-481807)
INPP5F	unnamed (-34272), unnamed (-32522), unnamed (-15847), unnamed (-12047), unnamed (-10247), unnamed (+978), unnamed (+3428), unnamed (+7703), unnamed (+17103), unnamed (+20178), unnamed (+22878), unnamed (+27703), unnamed (+28903), unnamed (+34103), unnamed (+37103), unnamed (+51078), unnamed (+61653)
IRAK2	unnamed (+6785), unnamed (+9710)
IRF2	unnamed (+79855), unnamed (+120255), unnamed (+125730), unnamed (+128180), unnamed (+132580), unnamed (+154080), unnamed (+159555), unnamed (+162980), unnamed (+163730), unnamed (+164480), unnamed (+184180), unnamed (+187780)
IRF2BP2	unnamed (-381927), unnamed (-381827), unnamed (-380625), unnamed (-378775), unnamed (-377475), unnamed (-368250), unnamed (-367475), unnamed (-364500), unnamed (-360600)
IRF8	unnamed (+28947), unnamed (+29897), unnamed (+31547), unnamed (+32322), unnamed (+34522), unnamed (+36297), unnamed (+55922), unnamed (+56122), unnamed (+56897), unnamed (+93547), unnamed (+95647)
ITGB1	unnamed (-196641), unnamed (-196620), unnamed (-196600), unnamed (-196422), unnamed (-194956), unnamed (-191906), unnamed (-188006), unnamed (-185181), unnamed (-180056), unnamed (-174581), unnamed (-168631), unnamed (-164556), unnamed (-160381), unnamed (-159481), unnamed (-157606), unnamed (-144231), unnamed (-136664), unnamed (-136389)
JAZF1	unnamed (+5943), unnamed (+23493), unnamed (+31643)
JUN	unnamed (-228098), unnamed (-227298)
JUND	unnamed (-19478), unnamed (-13478), unnamed (-4578)
KAT7	unnamed (-38880)
KAZN	unnamed (-887974), unnamed (-887906), unnamed (-887554)
KDM8	unnamed (+34960), unnamed (+35222), unnamed (+35512)
KIAA0040	unnamed (-11846)
KIF1BP	unnamed (+59404), unnamed (+63804), unnamed (+68304), unnamed (+72804)
KLF10	unnamed (-126948), unnamed (-112248)
KLF2	unnamed (+6433), unnamed (+38583), unnamed (+43658), unnamed (+61133), unnamed (+122902), unnamed (+123202)
KMT5A	unnamed (+47927), unnamed (+50427)
KRAS	unnamed (-131361), unnamed (-131230)
KSR2	unnamed (+61073), unnamed (+70773), unnamed (+73323), unnamed (+74673), unnamed (+78498), unnamed (+80298), unnamed (+83648), unnamed (+86223), unnamed (+89873), unnamed (+92182), unnamed (+93216)
LANCL2	unnamed (+100752), unnamed (+101397), unnamed (+101493), unnamed (+101568), unnamed (+102522), unnamed (+105327), unnamed (+106502), unnamed (+107427), unnamed (+109752), unnamed (+112477), unnamed (+120127), unnamed (+157227)
LAPTM5	unnamed (-21580), unnamed (-8643), unnamed (-8493), unnamed (-6405)
LAX1	unnamed (-1851)
LBH	unnamed (+62794)
LCLAT1	unnamed (-152932)
LDAH	unnamed (+148089), unnamed (+150014), unnamed (+155014)
LEF1	unnamed (+48522), unnamed (+49822), unnamed (+54197), unnamed (+59347), unnamed (+60197), unnamed (+70147), unnamed (+73922), unnamed (+75072), unnamed (+80397), unnamed (+91847), unnamed (+95597), unnamed (+100772), unnamed (+103747), unnamed (+106247), unnamed (+108747), unnamed (+110672), unnamed (+112197), unnamed (+117572), unnamed (+122372), unnamed (+124722), unnamed (+129347), unnamed (+131022)
LGALSL	unnamed (-236992)
LGMN	unnamed (+160970), unnamed (+161080), unnamed (+161212), unnamed (+161502), unnamed (+166904), unnamed (+178229), unnamed (+188554), unnamed (+191254), unnamed (+207471), unnamed (+207640), unnamed (+208673), unnamed (+210404), unnamed (+213529), unnamed (+216729), unnamed (+231629), unnamed (+232754)
LHFPL2	unnamed (-69925)
LIMS1	unnamed (-30337), unnamed (-26237)
LITAF	unnamed (+6963), unnamed (+13813), unnamed (+14413), unnamed (+18513), unnamed (+24463), unnamed (+27245), unnamed (+27645), unnamed (+28988)
LMNB1	unnamed (+171602)
LMNTD1	unnamed (+171119), unnamed (+171250)
LPIN2	unnamed (+34997)
LRRC32	unnamed (+28525), unnamed (+30225)
LSG1	unnamed (-480823), unnamed (-478848), unnamed (-477498), unnamed (-473573), unnamed (-458898), unnamed (-454023), unnamed (-453648), unnamed (-453087), unnamed (-452787)
LSM4	unnamed (+22174), unnamed (+28174)
LYN	unnamed (-40488), unnamed (-20363), unnamed (-17763)
MAML2	unnamed (+77030)
MAP3K1	unnamed (-338774), unnamed (-224124), unnamed (-222449), unnamed (-222027), unnamed (-221977), unnamed (-176772), unnamed (-133974), unnamed (-131199), unnamed (-126224), unnamed (-125349), unnamed (-122124), unnamed (-118349), unnamed (-116849), unnamed (-115899), unnamed (-114574), unnamed (-111649)
MAP3K5	unnamed (+2893), unnamed (+5268), unnamed (+6218), unnamed (+9068), unnamed (+18618), unnamed (+20618), unnamed (+31868), unnamed (+42118)
MAP7	unnamed (-263412), unnamed (-261037), unnamed (-260087), unnamed (-257237), unnamed (-247687), unnamed (-245687), unnamed (-234437), unnamed (-224187)
MARCH3	unnamed (+82058)
MARS	unnamed (-6707)
MBP	unnamed (+25469), unnamed (+26744)
MCM5	unnamed (-6988), unnamed (-6233), unnamed (-5508), unnamed (-3913), unnamed (-1888)
MCMBP	unnamed (+85004), unnamed (+95579), unnamed (+109554), unnamed (+112554), unnamed (+117754), unnamed (+118954), unnamed (+123779), unnamed (+126479), unnamed (+129554), unnamed (+138954), unnamed (+143229)
MDS2	unnamed (-60384), unnamed (-58084), unnamed (-46234), unnamed (-44359), unnamed (-39945), unnamed (-38895), unnamed (-36384), unnamed (-28134), unnamed (-27859), unnamed (-26484), unnamed (-25159), unnamed (-24194), unnamed (-23994), unnamed (-20884), unnamed (-18559), unnamed (-16134), unnamed (-8684), unnamed (-6293), unnamed (-5987)
METTL21A	unnamed (-43374), unnamed (-40324)
MEX3C	unnamed (+37095), unnamed (+37645), unnamed (+58570)
MGAT5	unnamed (+128318)
MORC3	unnamed (-30098), unnamed (-29873)
MRPL44	unnamed (-2948)
MRPS7	unnamed (-15424)
MSI2	unnamed (+182989), unnamed (+183201), unnamed (+183645), unnamed (+185441), unnamed (+188066), unnamed (+197791), unnamed (+198591), unnamed (+199416), unnamed (+202741), unnamed (+204291), unnamed (+205641), unnamed (+208666), unnamed (+211691), unnamed (+213330), unnamed (+213930), unnamed (+215291), unnamed (+227916), unnamed (+231116), unnamed (+232816), unnamed (+236766), unnamed (+241916), unnamed (+271441), unnamed (+276366), unnamed (+286591), unnamed (+296991)
MSL1	unnamed (-15589), unnamed (-13614), unnamed (-12414), unnamed (-11239)
MTF2	unnamed (-97256), unnamed (-97006)
MTMR2	unnamed (-341855)
MTSS1	unnamed (+55098), unnamed (+55873), unnamed (+101898), unnamed (+103048), unnamed (+106323), unnamed (+108398), unnamed (+117398), unnamed (+118723), unnamed (+121998), unnamed (+124373), unnamed (+128348)
MTSS1L	unnamed (-55484), unnamed (-54084), unnamed (-50335)
MYBL2	unnamed (+47868), unnamed (+52968), unnamed (+54118), unnamed (+56343)
MYL9	unnamed (-75309)
N4BP2	unnamed (+121699), unnamed (+124549), unnamed (+132449)
NARS2	unnamed (+144439), unnamed (+147664), unnamed (+148314)
NAXD	unnamed (+48589)
NBPF11	unnamed (-110678)
NCK2	unnamed (+91878)
NCOA3	unnamed (-104402), unnamed (-93852), unnamed (-91877), unnamed (-82077), unnamed (-34927), unnamed (-34527)
NDUFB9	unnamed (+60822), unnamed (+64797), unnamed (+67172), unnamed (+70447), unnamed (+71772), unnamed (+80772), unnamed (+82847), unnamed (+86122), unnamed (+87272), unnamed (+133297), unnamed (+134072)
NFATC1	unnamed (+43675), unnamed (+108175), unnamed (+119775), unnamed (+121250), unnamed (+122425)
NOD2	unnamed (-3964), unnamed (-2639), unnamed (-1364), unnamed (+2961), unnamed (+5786), unnamed (+11498), unnamed (+12023)
NOS1	unnamed (-545348), unnamed (-535648), unnamed (-533098), unnamed (-531748), unnamed (-527923), unnamed (-526123), unnamed (-522773), unnamed (-520198), unnamed (-516548), unnamed (-514239), unnamed (-513205)
NOSIP	unnamed (+10416), unnamed (+10466), unnamed (+10593), unnamed (+15130), unnamed (+22347), unnamed (+25172), unnamed (+27488), unnamed (+30013), unnamed (+31234), unnamed (+31799), unnamed (+31981)
NOX3	unnamed (-942319), unnamed (-938847), unnamed (-936197), unnamed (-933847), unnamed (-933238)
NPIPA7	unnamed (+965520), unnamed (+984770), unnamed (+987282), unnamed (+987782), unnamed (+989620)
NR1D1	unnamed (-10650), unnamed (-9475), unnamed (-8275), unnamed (-6300), unnamed (-4200), unnamed (-2975), unnamed (-625)
NRP1	unnamed (+181727), unnamed (+181748), unnamed (+181768), unnamed (+181946), unnamed (+183412), unnamed (+186462), unnamed (+190362), unnamed (+193187), unnamed (+198312), unnamed (+203787), unnamed (+209737), unnamed (+213812), unnamed (+217987), unnamed (+218887), unnamed (+220762), unnamed (+234137), unnamed (+241704), unnamed (+241979)
NSMCE1	unnamed (+29307), unnamed (+29597), unnamed (+29859)
NSUN7	unnamed (+89478), unnamed (+91753), unnamed (+99947)
NUAK2	unnamed (+21066), unnamed (+29066), unnamed (+47279), unnamed (+47685), unnamed (+47775), unnamed (+47819)
NUDT3	unnamed (+46949), unnamed (+50649)
NUP160	unnamed (-74108)
NUP85	unnamed (+40559)
OGDH	unnamed (+9261), unnamed (+22111)
OPTC	unnamed (-15193), unnamed (-10143), unnamed (-8493), unnamed (-6574), unnamed (-4912), unnamed (-4214)
OR4B1	unnamed (-228385), unnamed (-219235), unnamed (-209785), unnamed (-209035), unnamed (-207410), unnamed (-205785), unnamed (-201885), unnamed (-200685), unnamed (-200060), unnamed (-191560), unnamed (-188035), unnamed (-183660), unnamed (-171710), unnamed (-171135), unnamed (-170685), unnamed (-167660), unnamed (-167060), unnamed (-165585), unnamed (-164436), unnamed (-164036), unnamed (-112485), unnamed (-111560)
OR4E2	unnamed (+805190), unnamed (+809855), unnamed (+810016), unnamed (+810227), unnamed (+814865), unnamed (+834215), unnamed (+835140), unnamed (+846340), unnamed (+850765), unnamed (+884965), unnamed (+888440), unnamed (+889790), unnamed (+893090), unnamed (+894790), unnamed (+895315), unnamed (+906265)
PDE4A	unnamed (-10405)
PDE4B	unnamed (+550261)
PELI1	unnamed (-72646)
PGAP1	unnamed (-189819)
PHF19	unnamed (-6154)
PHLPP1	unnamed (+416075), unnamed (+425600), unnamed (+430125), unnamed (+431700), unnamed (+433750), unnamed (+434850), unnamed (+437475), unnamed (+438425), unnamed (+439350), unnamed (+452950), unnamed (+460075), unnamed (+462350), unnamed (+463025), unnamed (+466150), unnamed (+479275), unnamed (+479700), unnamed (+483975), unnamed (+489000), unnamed (+493950), unnamed (+496100), unnamed (+498825), unnamed (+502300), unnamed (+503100), unnamed (+506450), unnamed (+507600), unnamed (+518025), unnamed (+521450), unnamed (+544075), unnamed (+545250), unnamed (+574375), unnamed (+583350), unnamed (+586775), unnamed (+590450), unnamed (+594308), unnamed (+594546), unnamed (+594838)
PIM1	unnamed (-33131), unnamed (-33089), unnamed (-32635), unnamed (-27428)
PITPNM2	unnamed (-39047), unnamed (-33972), unnamed (-30897), unnamed (-24272), unnamed (-22872), unnamed (-20247), unnamed (-16572), unnamed (-12072), unnamed (-8772), unnamed (-6047), unnamed (-3397), unnamed (-2497), unnamed (-972), unnamed (+24528), unnamed (+27328), unnamed (+28928), unnamed (+31178), unnamed (+33303), unnamed (+35353), unnamed (+48528), unnamed (+52003)
PLEKHG7	unnamed (-297639), unnamed (-293989)
PLGLB1	unnamed (-494698), unnamed (-485973), unnamed (-479298)
PLGLB2	unnamed (-246937), unnamed (-240262), unnamed (-231537)
PMAIP1	unnamed (-52723), unnamed (-51273), unnamed (-26648), unnamed (-24248), unnamed (-23098), unnamed (-18673), unnamed (-16673), unnamed (-14848)
PNRC2	unnamed (-40037), unnamed (-35721), unnamed (-35521)
POLR1A	unnamed (+65405)
PPIAL4G	unnamed (+220679)
PPP2R5C	unnamed (+50342), unnamed (+50517), unnamed (+53852), unnamed (+55602), unnamed (+59852), unnamed (+84927), unnamed (+96952), unnamed (+118752)
PPP2R5E	unnamed (-180706), unnamed (-180406)
PRAG1	unnamed (-12577), unnamed (-12356)
PRDM2	unnamed (+5875), unnamed (+5943), unnamed (+6295)
PRELP	unnamed (-50420), unnamed (-49169), unnamed (-46353), unnamed (-36203), unnamed (-34503), unnamed (-28928), unnamed (-25178), unnamed (-20353), unnamed (-16603), unnamed (-15178), unnamed (-10978), unnamed (-5853), unnamed (+3122), unnamed (+8172), unnamed (+9822), unnamed (+11741)
PRKCB	unnamed (+21401), unnamed (+41526), unnamed (+43001), unnamed (+112576), unnamed (+114901), unnamed (+116226), unnamed (+127901), unnamed (+132301), unnamed (+134028), unnamed (+134328), unnamed (+134976), unnamed (+231738)
PRKCE	unnamed (+238476), unnamed (+238976)
PRSS2	unnamed (+16183)
PTPRJ	unnamed (-57986), unnamed (+7864), unnamed (+17014), unnamed (+26464), unnamed (+27214), unnamed (+28839), unnamed (+30464), unnamed (+34364), unnamed (+35564), unnamed (+36189), unnamed (+44689), unnamed (+48214), unnamed (+52589), unnamed (+64539), unnamed (+65114), unnamed (+65564), unnamed (+68589), unnamed (+69189), unnamed (+70664), unnamed (+71813), unnamed (+72213), unnamed (+123764), unnamed (+124689)
QPCT	unnamed (+271026), unnamed (+273726), unnamed (+292876)
RAB11FIP1	unnamed (-4971), unnamed (-3146), unnamed (-1646)
RAD51B	unnamed (+539403), unnamed (+540746), unnamed (+653571), unnamed (+680832), unnamed (+681582), unnamed (+684246), unnamed (+689246), unnamed (+690521), unnamed (+691246)
RALGDS	unnamed (-24388), unnamed (-24208), unnamed (-24019), unnamed (-15274), unnamed (-14899)
RARA	unnamed (+38781), unnamed (+39831)
RASGRF1	unnamed (+71557), unnamed (+71719), unnamed (+72585), unnamed (+74548), unnamed (+75223), unnamed (+77323), unnamed (+81198), unnamed (+97851), unnamed (+98601)
RASSF2	unnamed (-173255), unnamed (-160280), unnamed (-157080), unnamed (-155030), unnamed (-139355), unnamed (-139005), unnamed (-137905)
RBM17	unnamed (-21271), unnamed (-15571), unnamed (-14346)
RBM38	unnamed (+17328), unnamed (+17503), unnamed (+17618), unnamed (+18261)
RCN3	unnamed (+20973), unnamed (+21155), unnamed (+21720), unnamed (+22941), unnamed (+25466), unnamed (+27782), unnamed (+30607), unnamed (+37824), unnamed (+42361), unnamed (+42488), unnamed (+42538)
RGCC	unnamed (+5566)
RHOBTB2	unnamed (+1708), unnamed (+3558), unnamed (+9233)
RHOH	unnamed (-18382), unnamed (-15532), unnamed (-7632), unnamed (+86643), unnamed (+88118), unnamed (+90743)
RILPL2	unnamed (-8433), unnamed (-5458), unnamed (-4333), unnamed (+2517), unnamed (+5017)
RIN3	unnamed (-974), unnamed (+2151), unnamed (+3276), unnamed (+18176), unnamed (+21376), unnamed (+24501), unnamed (+26232), unnamed (+27265), unnamed (+27434), unnamed (+43651), unnamed (+46351), unnamed (+56676), unnamed (+68001), unnamed (+73403), unnamed (+73693), unnamed (+73825), unnamed (+73935)
RIPOR1	unnamed (+2507), unnamed (+2652), unnamed (+2718)
RIPOR2	unnamed (-17048)
RNF19A	unnamed (-148116), unnamed (-128316)
ROR1	unnamed (+39457), unnamed (+40457), unnamed (+47507), unnamed (+53382), unnamed (+54882), unnamed (+56582), unnamed (+61467), unnamed (+110007), unnamed (+113082), unnamed (+114457), unnamed (+115257), unnamed (+116157), unnamed (+117632), unnamed (+125007), unnamed (+130307), unnamed (+142807), unnamed (+146432), unnamed (+148257), unnamed (+149657), unnamed (+158607), unnamed (+163243)
RPL5	unnamed (+122675), unnamed (+127775)
RPLP1	unnamed (+212512), unnamed (+212937), unnamed (+213691), unnamed (+215141), unnamed (+217066), unnamed (+218241), unnamed (+227016), unnamed (+227891), unnamed (+230991), unnamed (+233541), unnamed (+244766), unnamed (+245791)
RRM1	unnamed (-226859)
RSPH3	unnamed (+144516), unnamed (+151391)
RUBCN	unnamed (+60419), unnamed (+63919), unnamed (+71619)
SCG2	unnamed (-194922), unnamed (-194797)
SCGB1A1	unnamed (+119290)
SDC3	unnamed (+129361), unnamed (+142298), unnamed (+142448), unnamed (+144536)
SELL	unnamed (+22323), unnamed (+23373), unnamed (+26723)
SELP	unnamed (-59263), unnamed (-58213), unnamed (-54863)
SEPT9	unnamed (+152015)
SERINC5	unnamed (+36535), unnamed (+36785), unnamed (+49304), unnamed (+51004), unnamed (+61254), unnamed (+63479), unnamed (+65979), unnamed (+67404), unnamed (+69304), unnamed (+72661), unnamed (+75473)
SETBP1	unnamed (+110927)
SFMBT1	unnamed (+4485), unnamed (+9693), unnamed (+13818), unnamed (+15218), unnamed (+17693), unnamed (+19268), unnamed (+20468), unnamed (+25818), unnamed (+34668), unnamed (+37068), unnamed (+39935)
SGIP1	unnamed (-191507)
SGPP1	unnamed (-41361), unnamed (-25077), unnamed (-24902), unnamed (-17036), unnamed (-16386), unnamed (-11311), unnamed (-9086), unnamed (-836), unnamed (+3959), unnamed (+4259)
SH3BP5	unnamed (-58321), unnamed (-57696), unnamed (-56521), unnamed (-16296), unnamed (-14971), unnamed (-1021), unnamed (+9504), unnamed (+10629), unnamed (+13929), unnamed (+16254), unnamed (+19054)
SIPA1L3	unnamed (+74647), unnamed (+131047)
SLA	unnamed (-13342), unnamed (-8842), unnamed (-4892), unnamed (-3192), unnamed (-1717), unnamed (-1017)
SLAMF6	unnamed (-34972), unnamed (+73078), unnamed (+75953)
SLC12A3	unnamed (+53618), unnamed (+54093)
SLC14A2	unnamed (-822976)
SLC23A2	unnamed (+13393), unnamed (+26368), unnamed (+29568), unnamed (+31618), unnamed (+47293), unnamed (+47643), unnamed (+48743)
SLC25A19	unnamed (-27476)
SLC35B1	unnamed (-41476)
SLC41A2	unnamed (+434880), unnamed (+446430)
SLC5A11	unnamed (+146434)
SMAD4	unnamed (+108537), unnamed (+129462), unnamed (+130012)
SMARCA5	unnamed (-174245), unnamed (-172563), unnamed (-169188), unnamed (-165863), unnamed (-164838), unnamed (-162088), unnamed (-151938), unnamed (-151363), unnamed (-149513), unnamed (-148188), unnamed (-139938), unnamed (-138013), unnamed (-131263), unnamed (-129438)
SMARCE1	unnamed (+35108), unnamed (+37508), unnamed (+40258), unnamed (+42958), unnamed (+43633), unnamed (+45483), unnamed (+48083), unnamed (+65583), unnamed (+66508)
SMIM14	unnamed (+22965)
SMIM29	unnamed (-96617), unnamed (-92917)
SMNDC1	unnamed (-49443), unnamed (-49418), unnamed (-49226), unnamed (-48984)
SNN	unnamed (+31137), unnamed (+31449), unnamed (+31523)
SNRNP35	unnamed (-17348), unnamed (-14373)
SNX18	unnamed (+3585), unnamed (+6435), unnamed (+7535), unnamed (+8660), unnamed (+12460), unnamed (+16110), unnamed (+18060), unnamed (+19285), unnamed (+20310), unnamed (+22185), unnamed (+24759), unnamed (+24934)
SNX20	unnamed (-4998)
SNX29	unnamed (+338162), unnamed (+342112)
SNX9	unnamed (-8039), unnamed (+2111)
SOCS1	unnamed (+166929), unnamed (+168429), unnamed (+169429), unnamed (+170629), unnamed (+180283), unnamed (+180358)
SPEN	unnamed (+104761), unnamed (+109986), unnamed (+111336), unnamed (+112111)
SPP2	unnamed (+373001), unnamed (+374401)
SRGN	unnamed (-39993), unnamed (-35593), unnamed (-31093), unnamed (-26593)
SRP14	unnamed (-63312), unnamed (-22487), unnamed (-17087), unnamed (-14412)
ST3GAL5	unnamed (-151695), unnamed (+3330), unnamed (+5055), unnamed (+30505), unnamed (+60855)
STIM1	unnamed (+12247)
STMN3	unnamed (+14602), unnamed (+18852), unnamed (+22126), unnamed (+22287), unnamed (+22338)
SUSD1	unnamed (+96636), unnamed (+96769), unnamed (+97871), unnamed (+99542), unnamed (+101842), unnamed (+105642), unnamed (+108092), unnamed (+110217), unnamed (+112717), unnamed (+114817), unnamed (+116167), unnamed (+140192), unnamed (+146692), unnamed (+147517), unnamed (+153642), unnamed (+155417), unnamed (+156867), unnamed (+160617), unnamed (+161267), unnamed (+170642), unnamed (+174392), unnamed (+177017), unnamed (+187367), unnamed (+188817), unnamed (+236172), unnamed (+236237), unnamed (+236356), unnamed (+254292), unnamed (+256842), unnamed (+261542), unnamed (+262792), unnamed (+267392), unnamed (+268917), unnamed (+270742), unnamed (+271417), unnamed (+271867), unnamed (+274117)
SYNE2	unnamed (-115858), unnamed (-113633), unnamed (-108558), unnamed (-107908), unnamed (-100042), unnamed (-99867), unnamed (-83583)
SYNJ2	unnamed (-156512)
TAGAP	unnamed (-56223), unnamed (-55273)
TATDN2	unnamed (-76373), unnamed (-73448)
TAX1BP1	unnamed (+408911), unnamed (+417061), unnamed (+434611)
TBC1D7	unnamed (-144213), unnamed (-135138), unnamed (-134313), unnamed (-131013), unnamed (-108213), unnamed (-105888), unnamed (-103663), unnamed (-102638), unnamed (-100013), unnamed (-99051), unnamed (-98826)
TBC1D9	unnamed (+1770)
TCF4	unnamed (+130402), unnamed (+183452), unnamed (+196402), unnamed (+197827), unnamed (+336927), unnamed (+351702), unnamed (+393502), unnamed (+499627), unnamed (+513302), unnamed (+529202), unnamed (+531127), unnamed (+533477), unnamed (+535627), unnamed (+538702), unnamed (+542227), unnamed (+544077), unnamed (+549202), unnamed (+555877), unnamed (+556727), unnamed (+567952), unnamed (+569852)
TCFL5	unnamed (+21135), unnamed (+21425), unnamed (+21728), unnamed (+22113), unnamed (+26263), unnamed (+29913)
TCTEX1D4	unnamed (-4930), unnamed (-4555)
TESC	unnamed (-53030), unnamed (-52055), unnamed (-48531), unnamed (-44706), unnamed (-42556), unnamed (-40906), unnamed (-34831), unnamed (-31639), unnamed (-31055), unnamed (-30672), unnamed (-26039), unnamed (-25689)
TGIF1	unnamed (+1548)
THBS4	unnamed (+145258), unnamed (+148070), unnamed (+151427), unnamed (+153327), unnamed (+154752), unnamed (+157252), unnamed (+159477), unnamed (+169727), unnamed (+171427), unnamed (+183946), unnamed (+184196)
THSD7B	unnamed (-640654), unnamed (-639654), unnamed (-637795), unnamed (-518720)
TIGAR	unnamed (-34405), unnamed (-27165)
TIGIT	unnamed (-537), unnamed (+3123), unnamed (+8823), unnamed (+15923)
TK2	unnamed (+23103), unnamed (+23517), unnamed (+23926), unnamed (+24562), unnamed (+29087)
TLE3	unnamed (+399601), unnamed (+400626), unnamed (+411851), unnamed (+414401), unnamed (+417501), unnamed (+418376), unnamed (+427151), unnamed (+428326), unnamed (+430251), unnamed (+431701), unnamed (+432455), unnamed (+432880)
TLK1	unnamed (-185620), unnamed (-185395), unnamed (-176467), unnamed (-173317), unnamed (-170917), unnamed (-168342), unnamed (+6908), unnamed (+24083)
TLR2	unnamed (-201725)
TMCC2	unnamed (+45796), unnamed (+45840), unnamed (+45930), unnamed (+46336), unnamed (+64549), unnamed (+72549)
TMEM110	unnamed (-143987), unnamed (-138779), unnamed (-134654), unnamed (-133254), unnamed (-130779), unnamed (-129204), unnamed (-128004), unnamed (-122654), unnamed (-113804), unnamed (-111404), unnamed (-108537)
TMEM121	unnamed (+57472), unnamed (+58622)
TMEM131L	unnamed (+33426)
TMEM163	unnamed (+470500)
TMEM170B	unnamed (+170647), unnamed (+171261), unnamed (+171873), unnamed (+172498), unnamed (+174772), unnamed (+177322), unnamed (+180297), unnamed (+182297), unnamed (+189293), unnamed (+194679), unnamed (+194783)
TMEM2	unnamed (-25441), unnamed (-24966)
TMEM241	unnamed (+197630), unnamed (+199030), unnamed (+200505), unnamed (+202205), unnamed (+204530), unnamed (+210530), unnamed (+213480)
TMEM268	unnamed (-6731), unnamed (-4581), unnamed (-2381)
TMEM68	unnamed (-88696), unnamed (-86096), unnamed (-65971)
TNFAIP8	unnamed (-33150), unnamed (+31875), unnamed (+87403), unnamed (+87753)
TNFRSF10B	unnamed (+72529), unnamed (+78204), unnamed (+80054)
TNFRSF1B	unnamed (-41826), unnamed (-41691), unnamed (-41301), unnamed (-39378), unnamed (-25153), unnamed (-23753), unnamed (-21903), unnamed (-20678), unnamed (-9628), unnamed (-8378), unnamed (-5928), unnamed (-4403), unnamed (+5222), unnamed (+8272), unnamed (+11272), unnamed (+35897), unnamed (+38297), unnamed (+39922), unnamed (+41497)
TNFRSF8	unnamed (+61800), unnamed (+61935), unnamed (+62325), unnamed (+64248), unnamed (+78473), unnamed (+79873), unnamed (+81723), unnamed (+82948), unnamed (+93998), unnamed (+95248), unnamed (+97698)
TNR	unnamed (+539170)
TNRC6C	unnamed (-571631)
TNS4	unnamed (-50928), unnamed (-47028), unnamed (-44153), unnamed (-41878), unnamed (-40503), unnamed (-37978), unnamed (-33978), unnamed (-31303), unnamed (-30078), unnamed (-29137), unnamed (-28814), unnamed (-28681), unnamed (-28455)
TOM1	unnamed (+31321), unnamed (+33471), unnamed (+33821), unnamed (+34171), unnamed (+34821), unnamed (+35646), unnamed (+42646), unnamed (+43746), unnamed (+44884), unnamed (+45634), unnamed (+47671)
TOMM20	unnamed (+137484), unnamed (+137584), unnamed (+138786), unnamed (+140636), unnamed (+141936), unnamed (+151161), unnamed (+151936), unnamed (+154911), unnamed (+158811)
TOX2	unnamed (-182814), unnamed (-169189), unnamed (-164789)
TRAF1	unnamed (+27719)
TRAK1	unnamed (-13420), unnamed (-4795)
TRAM2	unnamed (+47465)
TRAPPC5	unnamed (+11807), unnamed (+12582), unnamed (+19982)
TRMU	unnamed (+78501), unnamed (+78731), unnamed (+79001), unnamed (+79320), unnamed (+79795), unnamed (+82375), unnamed (+85425), unnamed (+87450), unnamed (+89250), unnamed (+91250), unnamed (+94650), unnamed (+99057), unnamed (+99117), unnamed (+99169), unnamed (+99233)
TXNDC11	unnamed (+42901), unnamed (+42975), unnamed (+43287)
TXNDC5	unnamed (-27111)
UBASH3B	unnamed (+10700), unnamed (+19750), unnamed (+34665), unnamed (+34940), unnamed (+36825), unnamed (+40300), unnamed (+43275), unnamed (+48750), unnamed (+53650), unnamed (+55725), unnamed (+57300), unnamed (+59950), unnamed (+71100), unnamed (+72509)
UBE2U	unnamed (-390307), unnamed (-389307), unnamed (-382257), unnamed (-376382), unnamed (-374882), unnamed (-373182), unnamed (-368297), unnamed (-319757), unnamed (-316682), unnamed (-315307), unnamed (-314507), unnamed (-313607), unnamed (-312132), unnamed (-304757), unnamed (-299457), unnamed (-286957), unnamed (-283332), unnamed (-281507), unnamed (-280107), unnamed (-271157), unnamed (-266521)
UBTD2	unnamed (+83571)
UCP1	unnamed (-185545)
UCP2	unnamed (-18868)
UCP3	unnamed (+7260)
UGCG	unnamed (-5264), unnamed (-5193), unnamed (-4795), unnamed (-866), unnamed (+4384), unnamed (+6634), unnamed (+7084), unnamed (+7759), unnamed (+9584), unnamed (+11109), unnamed (+15709), unnamed (+16959), unnamed (+21659), unnamed (+24209), unnamed (+42145), unnamed (+42264), unnamed (+42329), unnamed (+89684), unnamed (+91134), unnamed (+101484), unnamed (+104109), unnamed (+107859), unnamed (+117234), unnamed (+117884), unnamed (+121634), unnamed (+123084), unnamed (+124859), unnamed (+130984), unnamed (+131809), unnamed (+138309), unnamed (+162334), unnamed (+163684), unnamed (+165784), unnamed (+168284), unnamed (+170409), unnamed (+172859), unnamed (+176659), unnamed (+178959), unnamed (+180630), unnamed (+181732), unnamed (+181865)
UGDH	unnamed (-88507)
ULK4	unnamed (-115220)
USP6NL	unnamed (+369550)
VAC14	unnamed (+59611), unnamed (+61011), unnamed (+64760)
VANGL2	unnamed (+46714), unnamed (+49589)
VCPKMT	unnamed (+24782), unnamed (+52807), unnamed (+77082), unnamed (+170350)
VDR	unnamed (+73753)
VOPP1	unnamed (+49850), unnamed (+86950), unnamed (+94600), unnamed (+97325), unnamed (+99650), unnamed (+100575), unnamed (+101750), unnamed (+104555), unnamed (+105509), unnamed (+105584), unnamed (+105680), unnamed (+106325)
VPS13D	unnamed (-57842), unnamed (-54792), unnamed (-51792), unnamed (-27167), unnamed (-24767), unnamed (-23142), unnamed (-21567)
VWA8	unnamed (+497959)
WASF2	unnamed (-40008), unnamed (-39233), unnamed (-33692), unnamed (-32892), unnamed (-31442)
WDFY1	unnamed (+3787), unnamed (+15887), unnamed (+36762), unnamed (+62887)
WHRN	unnamed (+57787), unnamed (+57853)
WISP1	unnamed (-121839), unnamed (-117339)
WNT10A	unnamed (+15237)
XKR5	unnamed (+55718), unnamed (+56118), unnamed (+58244), unnamed (+59594), unnamed (+61544), unnamed (+64094), unnamed (+71769), unnamed (+108244), unnamed (+115619), unnamed (+117419), unnamed (+119019)
XXYLT1	unnamed (+117867), unnamed (+119842), unnamed (+121192), unnamed (+125117), unnamed (+139792), unnamed (+144667), unnamed (+145042), unnamed (+145603), unnamed (+145903)
XYLT1	unnamed (+102206), unnamed (+104044), unnamed (+104544), unnamed (+107056), unnamed (+126306)
YPEL2	unnamed (+16031), unnamed (+17306), unnamed (+19748), unnamed (+21023), unnamed (+23973), unnamed (+28748), unnamed (+29423), unnamed (+32498), unnamed (+35273), unnamed (+38548)
ZBTB17	unnamed (+16157), unnamed (+16932), unnamed (+18282), unnamed (+23507)
ZBTB20	unnamed (+76616), unnamed (+83716), unnamed (+89416)
ZC3H12A	unnamed (-186927), unnamed (-182452)
ZC3H18	unnamed (-111678), unnamed (-109578), unnamed (-106128), unnamed (-104478), unnamed (-102128), unnamed (-100078)
ZCCHC7	unnamed (+293315), unnamed (+294790)
ZDHHC14	unnamed (+434092)
ZEB2	unnamed (+6670)
ZFP36L1	unnamed (+282215), unnamed (+282940), unnamed (+284215), unnamed (+289215), unnamed (+291879), unnamed (+292629), unnamed (+319890), unnamed (+432715), unnamed (+434058)
ZFP36L2	unnamed (+50209)
ZFPM1	unnamed (+5408), unnamed (+7508), unnamed (+10958), unnamed (+12608), unnamed (+14958), unnamed (+17008)
ZMIZ2	unnamed (-133031), unnamed (-120181)
ZMYND8	unnamed (-110703), unnamed (-110303), unnamed (-63153), unnamed (-53353), unnamed (-51378), unnamed (-40828)
ZNF236	unnamed (+283418), unnamed (+284693)
ZNF518B	unnamed (-225865), unnamed (-224465), unnamed (-217365), unnamed (-217015), unnamed (-216390), unnamed (-211265), unnamed (-210340), unnamed (-209065), unnamed (-207340), unnamed (-201215), unnamed (-171440), unnamed (-169940), unnamed (-167790), unnamed (-161865), unnamed (-156190), unnamed (-151490), unnamed (-144490), unnamed (-143890), unnamed (-141390), unnamed (-130440)
ZNF778	unnamed (+257380), unnamed (+257498), unnamed (+257887), unnamed (+258287), unnamed (+260972), unnamed (+263222), unnamed (+265197), unnamed (+267122), unnamed (+267847), unnamed (+268947)
ZNF80	unnamed (+5501), unnamed (+14851), unnamed (+15876), unnamed (+18526), unnamed (+20351)
ZNF831	unnamed (+7269), unnamed (+20952), unnamed (+21061), unnamed (+21478), unnamed (+24269), unnamed (+28294), unnamed (+29519), unnamed (+35919), unnamed (+53819), unnamed (+54544), unnamed (+55466), unnamed (+55893)

